PepLab ID,sequence,length,activity
PL1087,APTLW,5,Anti inflammatory
PL1088,DSDPR,5,Anti inflammatory
PL1089,DTEAR,5,Anti inflammatory
PL1090,KIPYIL,6,Anti inflammatory
PL1091,KPVAAP,6,Anti inflammatory
PL1092,RRPYIL,6,Anti inflammatory
PL1093,AAFAATY,7,Anti inflammatory
PL1094,FDLIYSV,7,Anti inflammatory
PL1095,GPETAFLR,8,Anti inflammatory
PL1096,HDMNKVLDL,9,Anti inflammatory
PL1097,KGHYAERVG,9,Anti inflammatory
PL1098,NSPGPHDVALDQ,12,Anti inflammatory
PL1099,RMVLPEYELLYE,12,Anti inflammatory
PL1100,ELYENKPRRPYIL,13,Anti inflammatory
